414.jpg,2
436.jpg,2
406.jpg,2
438.jpg,2
434.jpg,2
435.jpg,2
395.jpg,2
461.jpg,2
440.jpg,2
389.jpg,2
390.jpg,2
428.jpg,4
396.jpg,2
417.jpg,2
460.jpg,2
388.jpg,2
456.jpg,2
420.jpg,2
465.jpg,2
462.jpg,2
429.jpg,2
397.jpg,2
426.jpg,2
433.jpg,2
412.jpg,2
463.jpg,2
439.jpg,2
394.jpg,2
457.jpg,2
422.jpg,2
447.jpg,2
455.jpg,2
387.jpg,2
443.jpg,2
405.jpg,2
430.jpg,2
413.jpg,2
432.jpg,3
393.jpg,2
449.jpg,2
458.jpg,2
410.jpg,2
431.jpg,3
401.jpg,2
409.jpg,2
411.jpg,2
424.jpg,2
446.jpg,2
459.jpg,2
532.jpg,3
504.jpg,2
508.jpg,3
533.jpg,2
488.jpg,2
506.jpg,2
501.jpg,2
537.jpg,3
502.jpg,2
476.jpg,2
530.jpg,2
520.jpg,3
477.jpg,2
512.jpg,3
525.jpg,2
482.jpg,2
494.jpg,2
511.jpg,2
543.jpg,3
468.jpg,2
531.jpg,0
491.jpg,2
487.jpg,2
496.jpg,2
474.jpg,2
514.jpg,2
481.jpg,2
498.jpg,2
539.jpg,3
528.jpg,2
505.jpg,2
518.jpg,2
493.jpg,2
489.jpg,2
523.jpg,3
534.jpg,2
515.jpg,2
513.jpg,2
490.jpg,2
466.jpg,3
467.jpg,2
521.jpg,2
527.jpg,0
516.jpg,3
499.jpg,2
541.jpg,3
524.jpg,3
500.jpg,2
495.jpg,2
540.jpg,4
485.jpg,2
492.jpg,2
484.jpg,2
519.jpg,3
535.jpg,4
471.jpg,2
544.jpg,3
478.jpg,2
522.jpg,2
517.jpg,2
510.jpg,2
473.jpg,2
470.jpg,2
483.jpg,2
497.jpg,2
480.jpg,2
469.jpg,2
509.jpg,2
472.jpg,2
538.jpg,4
486.jpg,2
475.jpg,2
503.jpg,2
529.jpg,2
507.jpg,3
542.jpg,3
536.jpg,3
479.jpg,3
563.jpg,2
591.jpg,3
601.jpg,3
585.jpg,1
586.jpg,4
620.jpg,3
579.jpg,2
596.jpg,0
552.jpg,2
550.jpg,2
598.jpg,3
610.jpg,2
582.jpg,3
618.jpg,3
572.jpg,3
583.jpg,3
569.jpg,3
587.jpg,3
604.jpg,3
558.jpg,0
551.jpg,2
553.jpg,3
574.jpg,3
590.jpg,4
556.jpg,4
622.jpg,3
562.jpg,0
595.jpg,0
609.jpg,3
624.jpg,3
557.jpg,0
573.jpg,3
608.jpg,2
599.jpg,3
593.jpg,3
571.jpg,3
546.jpg,3
625.jpg,3
621.jpg,3
549.jpg,2
584.jpg,3
607.jpg,3
611.jpg,3
576.jpg,3
554.jpg,3
592.jpg,3
616.jpg,3
594.jpg,3
623.jpg,3
602.jpg,3
555.jpg,4
588.jpg,3
559.jpg,3
580.jpg,3
565.jpg,0
603.jpg,3
566.jpg,3
615.jpg,3
578.jpg,3
619.jpg,3
597.jpg,0
613.jpg,2
575.jpg,3
545.jpg,3
617.jpg,3
606.jpg,3
548.jpg,3
570.jpg,3
612.jpg,2
564.jpg,0
589.jpg,0
560.jpg,0
581.jpg,3
567.jpg,0
605.jpg,0
600.jpg,0
577.jpg,3
561.jpg,0
568.jpg,2
668.jpg,2
694.jpg,3
653.jpg,3
699.jpg,3
696.jpg,3
672.jpg,2
631.jpg,2
626.jpg,3
628.jpg,2
685.jpg,2
698.jpg,3
659.jpg,2
674.jpg,2
693.jpg,3
663.jpg,2
630.jpg,2
634.jpg,2
670.jpg,2
655.jpg,3
629.jpg,2
644.jpg,3
679.jpg,2
704.jpg,3
675.jpg,2
660.jpg,2
667.jpg,2
658.jpg,2
647.jpg,3
671.jpg,2
639.jpg,3
637.jpg,2
676.jpg,2
691.jpg,3
650.jpg,3
681.jpg,2
684.jpg,2
662.jpg,2
666.jpg,2
638.jpg,3
688.jpg,3
702.jpg,3
649.jpg,2
643.jpg,2
677.jpg,2
682.jpg,2
703.jpg,3
686.jpg,2
665.jpg,2
640.jpg,5
673.jpg,2
700.jpg,1
645.jpg,2
654.jpg,3
692.jpg,3
690.jpg,3
632.jpg,0
689.jpg,3
687.jpg,3
683.jpg,2
633.jpg,3
695.jpg,3
635.jpg,2
646.jpg,3
642.jpg,3
664.jpg,2
656.jpg,2
648.jpg,3
678.jpg,2
652.jpg,2
651.jpg,3
641.jpg,3
657.jpg,2
669.jpg,2
680.jpg,2
627.jpg,3
636.jpg,2
661.jpg,2
764.jpg,3
719.jpg,3
748.jpg,3
725.jpg,4
720.jpg,3
754.jpg,3
731.jpg,3
712.jpg,3
737.jpg,1
734.jpg,3
752.jpg,3
746.jpg,3
738.jpg,3
753.jpg,3
765.jpg,4
783.jpg,3
763.jpg,3
741.jpg,3
729.jpg,3
727.jpg,3
757.jpg,3
745.jpg,1
768.jpg,3
782.jpg,3
723.jpg,3
743.jpg,3
772.jpg,0
784.jpg,3
728.jpg,3
710.jpg,3
716.jpg,1
761.jpg,3
780.jpg,3
735.jpg,3
736.jpg,1
747.jpg,3
766.jpg,3
717.jpg,4
732.jpg,3
759.jpg,3
707.jpg,3
744.jpg,1
781.jpg,3
730.jpg,3
750.jpg,3
779.jpg,3
711.jpg,3
751.jpg,3
758.jpg,3
756.jpg,3
721.jpg,3
775.jpg,3
708.jpg,3
767.jpg,3
770.jpg,3
773.jpg,3
740.jpg,3
706.jpg,3
755.jpg,3
774.jpg,3
714.jpg,1
718.jpg,3
709.jpg,3
776.jpg,3
713.jpg,3
762.jpg,3
778.jpg,3
760.jpg,3
733.jpg,3
705.jpg,3
777.jpg,3
742.jpg,3
724.jpg,3
769.jpg,3
739.jpg,3
835.jpg,3
796.jpg,3
813.jpg,4
838.jpg,0
806.jpg,3
819.jpg,4
833.jpg,3
802.jpg,1
840.jpg,0
800.jpg,3
851.jpg,3
789.jpg,1
812.jpg,4
809.jpg,3
815.jpg,1
837.jpg,3
798.jpg,3
794.jpg,3
844.jpg,1
842.jpg,4
849.jpg,1
832.jpg,2
848.jpg,5
801.jpg,3
843.jpg,4
808.jpg,3
857.jpg,4
847.jpg,1
856.jpg,3
855.jpg,3
791.jpg,3
829.jpg,3
793.jpg,3
818.jpg,3
807.jpg,3
834.jpg,3
831.jpg,3
825.jpg,1
828.jpg,3
821.jpg,3
841.jpg,0
785.jpg,0
824.jpg,1
804.jpg,3
822.jpg,1
805.jpg,3
811.jpg,4
827.jpg,3
850.jpg,4
820.jpg,1
810.jpg,4
846.jpg,1
826.jpg,3
823.jpg,3
792.jpg,1
816.jpg,3
839.jpg,1
817.jpg,4
845.jpg,1
786.jpg,3
787.jpg,3
797.jpg,3
852.jpg,1
788.jpg,3
790.jpg,3
814.jpg,1
854.jpg,3
799.jpg,3
803.jpg,1
830.jpg,0
836.jpg,3
853.jpg,0
928.jpg,3
890.jpg,3
873.jpg,0
870.jpg,3
904.jpg,5
881.jpg,4
913.jpg,1
910.jpg,3
894.jpg,3
872.jpg,3
875.jpg,3
886.jpg,0
919.jpg,3
914.jpg,1
859.jpg,3
899.jpg,1
865.jpg,3
905.jpg,3
867.jpg,3
878.jpg,3
874.jpg,3
926.jpg,3
892.jpg,3
900.jpg,3
884.jpg,3
915.jpg,0
869.jpg,3
882.jpg,3
871.jpg,1
860.jpg,4
932.jpg,3
891.jpg,3
927.jpg,3
911.jpg,3
916.jpg,0
903.jpg,1
920.jpg,3
918.jpg,3
888.jpg,3
861.jpg,4
879.jpg,1
922.jpg,1
908.jpg,1
925.jpg,3
906.jpg,3
896.jpg,4
887.jpg,3
931.jpg,3
877.jpg,3
858.jpg,3
897.jpg,3
917.jpg,4
863.jpg,3
862.jpg,3
909.jpg,3
924.jpg,3
930.jpg,3
902.jpg,5
893.jpg,3
929.jpg,3
895.jpg,3
864.jpg,4
885.jpg,3
923.jpg,3
912.jpg,3
898.jpg,0
876.jpg,3
921.jpg,3
868.jpg,3
901.jpg,3
880.jpg,4
883.jpg,3
866.jpg,1
889.jpg,3
933.jpg,3
959.jpg,0
955.jpg,3
966.jpg,3
951.jpg,3
937.jpg,3
990.jpg,4
1000.jpg,5
938.jpg,3
945.jpg,3
985.jpg,4
982.jpg,0
965.jpg,3
957.jpg,0
961.jpg,0
977.jpg,0
991.jpg,0
1004.jpg,3
952.jpg,3
954.jpg,3
976.jpg,0
970.jpg,1
980.jpg,0
949.jpg,3
934.jpg,3
935.jpg,3
948.jpg,3
972.jpg,0
969.jpg,1
953.jpg,3
962.jpg,3
946.jpg,3
983.jpg,0
993.jpg,0
973.jpg,0
1003.jpg,5
942.jpg,5
978.jpg,0
956.jpg,0
1002.jpg,3
986.jpg,0
941.jpg,1
971.jpg,0
984.jpg,4
1001.jpg,2
936.jpg,3
994.jpg,0
979.jpg,0
992.jpg,4
989.jpg,0
981.jpg,0
974.jpg,0
960.jpg,0
939.jpg,3
967.jpg,3
950.jpg,3
964.jpg,3
943.jpg,3
963.jpg,0
940.jpg,1
968.jpg,3
975.jpg,0
958.jpg,3
944.jpg,3
987.jpg,0
947.jpg,3
988.jpg,4
1064.jpg,3
1066.jpg,0
1058.jpg,0
1019.jpg,5
1040.jpg,3
1012.jpg,3
1072.jpg,5
1053.jpg,5
1030.jpg,3
1044.jpg,3
1022.jpg,3
1020.jpg,3
1071.jpg,5
1059.jpg,0
1057.jpg,0
1031.jpg,3
1042.jpg,3
1067.jpg,3
1050.jpg,3
1011.jpg,3
1052.jpg,5
1047.jpg,3
1032.jpg,3
1070.jpg,5
1043.jpg,3
1035.jpg,3
1027.jpg,4
1069.jpg,3
1038.jpg,3
1054.jpg,5
1048.jpg,5
1015.jpg,3
1055.jpg,2
1023.jpg,3
1021.jpg,1
1024.jpg,3
1034.jpg,3
1060.jpg,3
1077.jpg,3
1073.jpg,4
1016.jpg,3
1041.jpg,5
1009.jpg,5
1010.jpg,3
1026.jpg,3
1008.jpg,1
1036.jpg,3
1017.jpg,5
1014.jpg,5
1065.jpg,0
1005.jpg,3
1068.jpg,2
1051.jpg,5
1056.jpg,5
1007.jpg,5
1029.jpg,5
1045.jpg,3
1025.jpg,3
1076.jpg,4
1049.jpg,5
1061.jpg,3
1018.jpg,5
1037.jpg,3
1063.jpg,3
1075.jpg,4
1039.jpg,2
1046.jpg,3
1033.jpg,2
1013.jpg,3
1062.jpg,3
1028.jpg,3
1006.jpg,5
997.jpg,3
41.jpg,0
46.jpg,0
1086.jpg,5
108.jpg,1
23.jpg,4
1080.jpg,5
24.jpg,0
105.jpg,0
25.jpg,0
101.jpg,0
50.jpg,4
37.jpg,4
111.jpg,0
28.jpg,1
38.jpg,3
31.jpg,1
996.jpg,2
1082.jpg,5
2.jpg,0
110.jpg,0
34.jpg,0
43.jpg,0
4.jpg,1
1084.jpg,5
26.jpg,0
998.jpg,1
106.jpg,1
11.jpg,0
1085.jpg,5
102.jpg,0
14.jpg,3
39.jpg,3
5.jpg,0
112.jpg,4
103.jpg,0
19.jpg,0
15.jpg,3
42.jpg,4
47.jpg,0
40.jpg,3
17.jpg,4
100.jpg,0
27.jpg,0
45.jpg,0
44.jpg,0
1081.jpg,5
1.jpg,0
104.jpg,0
107.jpg,3
10.jpg,4
3.jpg,0
48.jpg,0
21.jpg,3
16.jpg,3
30.jpg,1
32.jpg,4
29.jpg,1
13.jpg,3
49.jpg,3
12.jpg,1
36.jpg,4
35.jpg,0
995.jpg,3
0.jpg,0
1079.jpg,5
18.jpg,3
33.jpg,4
20.jpg,3
1083.jpg,5
109.jpg,1
999.jpg,1
1078.jpg,3
1087.jpg,5
22.jpg,1
70.jpg,0
57.jpg,3
113.jpg,5
87.jpg,4
134.jpg,4
8.jpg,1
97.jpg,1
69.jpg,4
73.jpg,1
126.jpg,3
63.jpg,0
53.jpg,0
56.jpg,3
74.jpg,0
79.jpg,0
59.jpg,3
88.jpg,0
58.jpg,1
91.jpg,3
129.jpg,3
90.jpg,1
9.jpg,1
71.jpg,3
120.jpg,3
82.jpg,3
119.jpg,5
124.jpg,5
76.jpg,3
61.jpg,3
7.jpg,3
132.jpg,3
81.jpg,3
77.jpg,0
127.jpg,3
98.jpg,3
80.jpg,3
84.jpg,3
52.jpg,0
130.jpg,3
78.jpg,0
68.jpg,1
96.jpg,0
65.jpg,4
115.jpg,1
75.jpg,3
89.jpg,3
85.jpg,0
95.jpg,0
72.jpg,0
137.jpg,5
62.jpg,0
51.jpg,0
86.jpg,4
94.jpg,0
133.jpg,5
66.jpg,4
92.jpg,1
128.jpg,2
83.jpg,0
122.jpg,3
6.jpg,3
125.jpg,5
117.jpg,5
54.jpg,3
93.jpg,0
116.jpg,1
136.jpg,5
123.jpg,3
67.jpg,1
135.jpg,5
121.jpg,3
169.jpg,5
218.jpg,3
167.jpg,5
146.jpg,5
151.jpg,1
204.jpg,3
162.jpg,4
153.jpg,5
173.jpg,5
207.jpg,1
172.jpg,5
171.jpg,1
195.jpg,1
189.jpg,1
202.jpg,3
187.jpg,1
188.jpg,5
138.jpg,1
194.jpg,3
184.jpg,3
186.jpg,3
156.jpg,5
217.jpg,5
213.jpg,5
191.jpg,3
157.jpg,5
190.jpg,5
175.jpg,3
192.jpg,1
140.jpg,3
212.jpg,5
215.jpg,5
161.jpg,3
199.jpg,1
196.jpg,5
193.jpg,3
203.jpg,5
147.jpg,1
208.jpg,5
178.jpg,5
179.jpg,3
176.jpg,5
163.jpg,1
159.jpg,3
155.jpg,5
154.jpg,5
158.jpg,1
200.jpg,1
214.jpg,5
141.jpg,1
160.jpg,3
206.jpg,1
168.jpg,5
205.jpg,3
181.jpg,1
197.jpg,5
211.jpg,3
139.jpg,5
166.jpg,3
180.jpg,1
170.jpg,1
201.jpg,3
152.jpg,1
174.jpg,5
183.jpg,3
209.jpg,5
145.jpg,3
198.jpg,5
177.jpg,4
144.jpg,3
216.jpg,5
164.jpg,1
165.jpg,4
149.jpg,3
185.jpg,5
142.jpg,1
150.jpg,3
247.jpg,3
275.jpg,5
226.jpg,3
288.jpg,3
258.jpg,3
290.jpg,1
296.jpg,3
251.jpg,1
264.jpg,1
286.jpg,3
283.jpg,4
277.jpg,5
227.jpg,3
249.jpg,3
248.jpg,3
223.jpg,3
274.jpg,3
263.jpg,1
284.jpg,4
269.jpg,5
262.jpg,1
267.jpg,3
239.jpg,3
276.jpg,5
246.jpg,3
221.jpg,1
293.jpg,3
261.jpg,3
219.jpg,5
257.jpg,3
254.jpg,3
289.jpg,4
231.jpg,3
245.jpg,3
273.jpg,5
271.jpg,5
287.jpg,3
285.jpg,4
268.jpg,5
252.jpg,3
278.jpg,3
242.jpg,3
243.jpg,3
279.jpg,5
292.jpg,3
260.jpg,1
266.jpg,3
238.jpg,1
235.jpg,3
233.jpg,3
255.jpg,3
240.jpg,3
241.jpg,3
282.jpg,4
236.jpg,3
220.jpg,3
230.jpg,3
270.jpg,5
229.jpg,3
281.jpg,3
259.jpg,3
265.jpg,1
225.jpg,1
232.jpg,2
244.jpg,3
291.jpg,3
294.jpg,3
250.jpg,3
234.jpg,3
224.jpg,3
237.jpg,3
222.jpg,1
228.jpg,1
272.jpg,5
295.jpg,3
280.jpg,5
253.jpg,1
346.jpg,2
351.jpg,0
324.jpg,4
301.jpg,3
354.jpg,3
339.jpg,5
321.jpg,4
318.jpg,4
316.jpg,3
344.jpg,5
332.jpg,5
353.jpg,3
298.jpg,3
314.jpg,4
343.jpg,0
306.jpg,0
352.jpg,0
335.jpg,5
345.jpg,5
327.jpg,3
308.jpg,0
341.jpg,3
323.jpg,4
311.jpg,3
340.jpg,5
310.jpg,0
299.jpg,3
302.jpg,0
330.jpg,1
300.jpg,3
325.jpg,4
317.jpg,4
305.jpg,0
338.jpg,0
333.jpg,4
347.jpg,4
331.jpg,1
342.jpg,3
297.jpg,3
320.jpg,4
319.jpg,4
303.jpg,0
350.jpg,0
312.jpg,3
322.jpg,4
328.jpg,5
334.jpg,1
336.jpg,5
313.jpg,3
348.jpg,4
349.jpg,0
307.jpg,0
309.jpg,0
326.jpg,3
315.jpg,3
304.jpg,0
329.jpg,4
371.jpg,2
359.jpg,2
374.jpg,2
365.jpg,2
357.jpg,2
370.jpg,2
366.jpg,2
369.jpg,2
384.jpg,2
362.jpg,2
382.jpg,2
363.jpg,2
379.jpg,2
358.jpg,2
361.jpg,2
372.jpg,2
377.jpg,2
364.jpg,2
386.jpg,2
355.jpg,2
376.jpg,2
360.jpg,2
381.jpg,2
380.jpg,2
375.jpg,2
385.jpg,2
373.jpg,2
378.jpg,2
367.jpg,2
383.jpg,2
356.jpg,2
425.jpg,2
444.jpg,2
416.jpg,2
398.jpg,2
453.jpg,2
441.jpg,2
403.jpg,2
418.jpg,2
421.jpg,2
448.jpg,2
404.jpg,2
408.jpg,2
445.jpg,2
442.jpg,2
427.jpg,2
392.jpg,2
419.jpg,2
450.jpg,2
391.jpg,2
437.jpg,2
451.jpg,2
400.jpg,2
454.jpg,2
407.jpg,2
423.jpg,2
399.jpg,2
464.jpg,2
415.jpg,2
